UserName,Star,Comments
thandang96,5,"giao hÃ ng siÃªu nhanh hcm tá»›i bÃ¬nh dÆ°Æ¡ng chÆ°a Ä‘áº¿n 1 ngÃ y, hÃ ng xá»‹n vÃ  cá»©ng cÃ¡p, k cÃ³ 6 sao nÃªn cho táº¡m 5 sao v"
hynnlee,5,"Cháº¥t lÆ°á»£ng sáº£n pháº©m:hong biet
ÄÃºng vá»›i mÃ´ táº£:Ä‘Ãºng

nÃ³n ráº¥c xinh ráº¥c ok nhÆ°ng hÆ¡i lÃ¢u Ä‘á»™i ko sá»£ tÃ© xe bá»ƒ Ä‘áº§u"
tranvantrongphu,5,"ÄÃºng vá»›i mÃ´ táº£:ok
Cháº¥t lÆ°á»£ng sáº£n pháº©m:ok

ÄÃ£ nháº­n Ä‘Æ°á»£c hÃ ng. Vá» bx haha quÃ¡ trÃ¹i.hÃ¬nh áº£nh mang tÃ­nh cháº¥t nháº­n xu"
a*****2,5,"TRÆ¯á»œNG AI NÃ€O? ğŸ¤—

THPT chuyÃªn LÃª Há»“ng Phong lÃ  má»™t trong nhá»¯ng ngÃ´i trÆ°á»ng cáº¥p 3 cÃ³ tiáº¿ng báº­c nháº¥t TP.HCM. KhÃ´ng chá»‰ sá»Ÿ há»¯u bá» dÃ y lá»‹ch sá»­ vÃ  thÃ nh tÃ­ch, nÆ¡i Ä‘Ã¢y cÃ²n Ä‘Æ°á»£c má»‡nh danh lÃ  ngÃ´i trÆ°á»ng ""LuÃ´n Háº¡nh PhÃºc"". Biá»‡t danh nÃ y xuáº¥t phÃ¡t tá»« cÃ¢u nÃ³i cá»§a cÃ´ hiá»‡u trÆ°á»Ÿng vÃ  quáº£ thá»±c, sá»± háº¡nh phÃºc luÃ´n"
trantung8692,5,MÅ© ráº¥t chi lÃ  Ä‘áº¹p vá»«a Ä‘áº§u Ä‘Ã¡ng mua vá»›i giÃ¡ tiá»n nhÆ° váº­y thÃ¬ khÃ´ng Ä‘Ã²i há»i gÃ¬ hÆ¡n thank shop
tulam9719,5,"Cháº¥t lÆ°á»£ng sáº£n pháº©m:tá»‘t

Ä‘Ãºng mÃ´ táº£. Cháº¥t lÆ°á»£ng tá»‘t mua 1 cáº·p giÃ¡ cáº£ há»£p lÃ½. ÄÃ¡nh giÃ¡ 5 sao cho shop. Láº§n sau cÃ³ sáº½ mua ná»¯a . Cáº£m Æ¡n shoppe"
toitentrieu123,5,"Cháº¥t lÆ°á»£ng sáº£n pháº©m:tá»‘t
ÄÃºng vá»›i mÃ´ táº£:Ä‘Ãºng

HÃ ng ráº¥t Ä‘áº¹p ráº¥t Ä‘Ã¡ng tiá»n nhÃ© mua láº¹ Ä‘i mn sáº½ á»§bg há»™ shop láº§n toi Em xin phÃ©p Ä‘i trá»… 30p táº¡i cÃ³ viá»‡c gaap a ğŸ˜¢ 10Ä‘"
1603nam,5,"Cháº¥t lÆ°á»£ng sáº£n pháº©m:Tá»‘t
ÄÃºng vá»›i mÃ´ táº£:ÄÃºng

Sáº£n pháº©m ráº¥t tuyá»‡t vá»i! Vá»«a khÃ­t Ä‘áº§u luÃ´n
Very good!"
linhyen2006,5,"Cháº¥t lÆ°á»£ng sáº£n pháº©m:mÃ u Ä‘áº¹p, ráº¥t vá»«a Ä‘áº§u
ÄÃºng vá»›i mÃ´ táº£:Ä‘Ãºng vá»›i mÃ´ táº£

HÃ ng xinh lÄƒm mÃ u Ä‘áº¹p, giao hÃ ng cá»±c kÃ¬ nhanh. Má»›i Ä‘áº·t hÃ´m qua nay Ä‘Ã£ giao luÃ´n rÃ²i. ÄÃ¡ng giÃ¡ 5 sao nha"
bxtkcohm1u,3,"Cháº¥t lÆ°á»£ng sáº£n pháº©m:hÃ ng Ä‘áº¹p giá»‘ng áº£nh
ÄÃºng vá»›i mÃ´ táº£:Ä‘Ãºng sáº£n pháº©m

áº¢nh mang tÃ­nh cháº¥t nháº­n xu hÃ ng chuáº©n nÃªn mua"
cuchuoi12397,5,"Cháº¥t lÆ°á»£ng sáº£n pháº©m:dung
ÄÃºng vá»›i mÃ´ táº£:dep tot

Sáº£n pháº©m tá»‘t, cháº¥t lÆ°á»£ng tuyá»‡t, hÃ¬nh áº£nh mang tÃ­nh cháº¥t nháº­n xu, ship hÆ¡i lÃ¢u nhÆ°ng nhiá»‡t tÃ¬nh, sáº½ á»§ng há»™ tiáº¿p"
pauldadihuyn3007,5,"Cháº¥t lÆ°á»£ng sáº£n pháº©m:tá»‘t
ÄÃºng vá»›i mÃ´ táº£:Ä‘Ãºng

Giao hÃ ng nhanh, Ä‘Ã³ng gÃ³i khÃ¡ cáº©n tháº­n, ok. NÃ³n Ä‘áº¹p, mÃºt khÃ¡ cá»©ng, cÃ³ lá»›p Ä‘á»‡m má»m, Ä‘eo dá»… láº¯m, nÃªn mua. HÃ¬nh áº£nh chá»‰ mang tÃ­nh cháº¥t nháº­n xu"
gianghoang21122006,5,Hn t r Ä‘áº¥y bÃ¡c Æ¡i cho mÃ¬nh xin lá»—i vÃ¬ Ä‘Ã£ cÃ³ thá»ƒ lÃ m Ä‘Æ°á»£c gÃ¬ cho nÃ³ lÃ nh bÃ¡c nÃ o cÃ³ thá»ƒ lÃ m
k*****n,4,"Cháº¥t lÆ°á»£ng sáº£n pháº©m:cung tot

Má»›i dÃ¹ng Ä‘c 1 2 láº§n nÃªn cÅ©ng kh biet bá»n kh, trÆ°á»›c máº¯t tháº¥y tá»‘t, mÃ u Ä‘Ãºng trÃªn hÃ¬nh."
quangleb,5,"Cháº¥t lÆ°á»£ng sáº£n pháº©m:tá»‘t
ÄÃºng vá»›i mÃ´ táº£:90%

Giao hÃ ng nhanh, sáº£n pháº©m tá»‘t, Ä‘Ã³ng gÃ³i tÆ°Æ¡ng Ä‘á»‘i Ä‘Æ°á»£c, trong hÃ¬nh cÃ³ Ä‘á»ƒ táº·ng káº¿t che náº¯ng nhÆ°ng sáº£n pháº©m giao thÃ¬ khÃ´ng !  Shop nÃªn xem láº¡i ! ?"
6mrkmi0_sx,5,"ÄÃºng vá»›i mÃ´ táº£:Ä‘Ãºng vá»›imÃ´ táº£
Cháº¥t lÆ°á»£ng sáº£n pháº©m:tá»‘t

MÃ¬nh tháº¥y ok.vá»«a Ä‘áº§u.k biáº¿t sd thÃ¬ cÃ³ bá»n k.cÃ³ váº» áº¥m Ä‘Ã³"
m*****m,5,"Cháº¥t lÆ°á»£ng sáº£n pháº©m:tá»‘t
ÄÃºng vá»›i mÃ´ táº£:Ä‘Ãºng

tháº­t sá»± khi mua mÃ u xanh ráº¥t sá»£ chÃ³i nhÆ°ng khi nháº­n Ä‘Æ°á»£c hÃ ng ráº¥t Ä‘áº¹p khÃ´ng há» chÃ³i, nÃ³n cÅ©ng cá»©ng cÃ¡p nÃªn mua nha m.ng. H/áº£ vÃ  video chá»‰ Ä‘á»ƒ nháº­n xu"
wpgh90_oyr,5,Uáº§y shop thiáº¿u em cÃ¡i lÆ°á»¡i trai rá»“i cÆ¡ mÃ  Ä‘áº¹p em bá» qua háº¿t nha !!! ÄÃ£ ráº» láº¡i cÃ²n Ä‘áº¹p ná»¯a á»§ng há»™ shop 5 sao giao há»«ng nhanh nha em cáº£m Æ¡n shop chÃºc shop buÃ´n bÃ¡n há»“ng phat
gia_khiem.07,5,Sáº£n pháº©m Ä‘áº¹p form Okela mÅ© cháº¥t lÆ°á»£ng ship nhanh nÃ³i chung lÃ  á»•n Ã¡p
7*****o,5,"Cháº¥t lÆ°á»£ng sáº£n pháº©m:okeiiiii
ÄÃºng vá»›i mÃ´ táº£:okeiiiii

Cháº¥t lÆ°á»£ng sáº£n pháº©m tuyá»‡t vá»i, Ä‘Ã³ng gÃ³i Ä‘áº¹p vÃ  cháº¯c cháº¯n, giao hÃ ng nhanh. Ráº¥t Ä‘Ã¡ng tiá»n!!!"
m*****6,5,"NÃ³n ráº¥t Ä‘áº¹p,Ä‘á»™i vÃ o ráº¥t Ãªm,cháº¥t lÆ°á»£ng tá»‘t cho shop 5 sao sáº½ á»§ng há»™ vÃ o láº§n tá»›i."
ngcphng398,5,"Cháº¥t lÆ°á»£ng sáº£n pháº©m:á»•n

cháº¥t lÆ°á»£ng sáº£n pháº©n tuyá»‡t vá»i, mÃ u nÃ³n giá»‘ng áº£nh, Ä‘Ã³ng gÃ³i cáº©n tháº­n"
nguyenminhdung1,5,"Cháº¥t lÆ°á»£ng sáº£n pháº©m:ok ngon bá»• do sÃ i voucher
ÄÃºng vá»›i mÃ´ táº£:cÅ©ng Ä‘Ãºng vá»«a khÃ­t Ä‘áº§u

Mlem Ä‘á»ƒ sÃ i thá»­ má»›i biáº¿t"
tuanleductuan785,5,"MÅ© báº£o hiá»ƒm Ãªm, nháº¹ Ä‘á»™ cá»©ng cÃ¡p cÅ©ng tÆ°Æ¡ng Ä‘á»‘i Ã¡ má»i ngÆ°á»i, so vá»›i giÃ¡ tiá»n nÃ y lÃ  em nghÄ© phÆ°á»£t vivu rá»“i anh chá»‹ Æ¡i. Thá»i gian giao hÃ ng nhanh ná»¯a áº¡"
l*****2,5,"MÅ© nhÃ¬n Ä‘áº¹p, mÃ u cÅ©ng Ä‘áº¹p, giao hÃ ng nhanh, Ä‘Ã£ mua láº§n 2vuggguvuggu"
_huynhngochuyen_,5,"NÃ³n Ä‘áº¹p nha Ä‘á»™i vá»«a Ä‘áº§u khÃ´ng tráº§y xÆ°á»›c gÃ¬ mÃ  giao hÃ ng nhanh phÃ¹ há»£p vá»›i há»c sinh sinh viÃªn 
NÃªn mua nha"
anhtuyet2255,5,"NÃ³n Ä‘áº¹p nhaâ€¦ nÃ³n cho báº¡n cÃ³ Ä‘áº§u nhá», mÃ¬nh Ä‘á»™i nÃ³n vá»«a y luÃ´nâ€¦ hÃªn ğŸ˜„
ÄÃ¡nh giÃ¡ Ä‘á»ƒ láº¥y xu. CÃ¡c báº¡n á»§ng há»™ shop nha. 5 sao. Sáº½ tiáº¿p tá»¥c á»§ng há»™ shop láº§n sau."
lethilien1314,5,"Sáº£n pháº©m ok ,giao hÃ ng nhanh,hÃ¬nh áº£nh chá»‰ mang tÃ­nh cháº¥t nháº­n xu ,cáº£m Æ¡n shop"
yuutran_pdp,5,"Cháº¥t lÆ°á»£ng sáº£n pháº©m:tá»‘t
ÄÃºng vá»›i mÃ´ táº£:Ä‘Ãºng

MÅ© Ä‘áº¹p láº¯m nha Ä‘Æ°á»£c cÃ¡i Ä‘Ã³ng gÃ³i cÃ³ 1 lá»›p Ã  hÆ¡i áº©u Ä‘áº£ vá»›i m Ä‘Ã³ lÃ  Ä‘iá»u mÃ  cÃ¡c báº¡n tráº» Ä‘Ã¡ng uy tin tai náº¡n xe khÃ¡ch chá»Ÿ cÃ´ng nhÃ¢n lao mÃ  cÃ²n lÃ  má»™t trong cÃ¡c trÆ°á»ng Ä‘h CÄ khá»‘i nhÃ¬n Ä‘á»§ Ä‘á»ƒ t tÃ¬m hiá»ƒu vÃ  Ä‘Ã¡nh giÃ¡ lÃ "
m*****8,5,"(Vid mang tÃ­nh cháº¥t nháº­n xu) Chuyá»‡n lÃ  khui nÃ³n báº£o hiá»ƒm mÃ  cÅ©ng lo sá»£ tráº§y lÃºm nhÆ°ng ko mn Æ¡i nÃ³n ráº¥t Ãªm luÃ´n vá»›i cáº£ Ä‘áº¹p xuáº¥t sáº¯c. Chá»‰ lÃ  cÃ³ mÃ¹i nhá»±a hay gÃ¬ Ã¡ mÃ  hÆ¡i hÆ¡i Ã , nÃ³i chung vá»›i giÃ¡ nÃ y mÃ¬nh tháº¥y ráº¥t chi lÃ  á»•n Ã¡p vÃ  ráº¥t Ä‘Ã¡ng mua nha."
caothihongnhung02,5,"Shop giao hÃ ng nhanh gÃª
Äáº·t má»›i 2 hÃ´m Ä‘Ã£ cÃ³ r a shipper nhiá»‡t tÃ¬nh láº¯m luÃ´n"
g0_n0n8qa2,5,"Giao hÃ ng nhanh, ráº¥t Ä‘Ã¡ng tiá»n, mÅ© cháº¥t lÆ°á»£ng tá»‘t."
dangthinhung29.7,5,NÃªn mua nha má»i ngÆ°á»i size nÃ y chung nÃªn Ä‘a sá»‘ Ä‘á»u Ä‘á»™i Ä‘c ko táº¡i e ko bt lÃ m nhÆ° váº­y thÃ¬ a di Ä‘Ã¡t cá»§a e bnhieu lÃ  má»™t loÃ i bÆ°á»›m Ä‘Ãªm trong tuáº§n nÃ y cÃ³ nhÃ© em cáº£m tháº¥y cÃ³ má»™t ngÆ°á»i Ä‘Ã n
p.ttamm,5,"hÃ ng giao nhanh láº¯m Ä‘Ã³ng gÃ³i cÅ©ng khÃ¡ cáº©n tháº­n, mÃ¬nh cáº£m tháº¥y nÃ³n khÃ¡ lÃ  okkk"
t*****k,5,"Cháº¥t lÆ°á»£ng sáº£n pháº©m:tá»‘t
ÄÃºng vá»›i mÃ´ táº£:y chang nhÆ° trÃªn hÃ¬nh

Eo Æ¡i má»›i Ä‘áº·t hÃ ng mÃ  2 ngÃ y Ä‘Ã£ giao tá»›i r. Váº­n chuyá»ƒn k há» bá»‹ xÆ°á»›c 1 tÃ­ nÃ o háº¿t. 150k lÃ  quÃ¡ ráº». NÃªn muaa"
beeky._.2k21,4,"Trá»™m vÃ­a láº§n Ä‘áº§u mua mÅ© okla mÃ u xinh ğŸ˜ NhÆ°ng k Ä‘Æ°á»£c táº·ng lÆ°á»¡i traiğŸ‘ğŸ˜­
áº¢nh ghi táº·ng lÆ°á»¡i trai mÃ  k cÃ³.ğŸ‘
 Ghi chÃº báº£o mua deal sá»‘c gÃ¬ Ä‘Ã³ mÃ  k tháº¥y chá»— báº¥m muağŸ‘
ğŸ‘‰NÃªn táº¡o 2 lá»±a chá»n cÃ¹ng vá»›i chá»— lá»±a mÃ u: ""cÃ³ táº·ng lÆ°á»¡i trai"" vÃ  ""khÃ´ng táº·ng lÆ°á»¡i trai""
ğŸ‘‰ğŸ–¤Náº¿u KHÃ”NG Táº¶NG hÃ£y xÃ³a áº£nh ghi Táº¶NGğŸ‘Œ"
d*****3,5,"NÃ³n giá»‘ng nhÆ° áº£nh nhÆ°ng cÃ³ Ä‘iá»u hÆ¡i nhá» báº¡n nÃ o Ä‘áº§u nhá» háº£ mua chá»© ko vá» cÅ©ng treo lÃªn nhÆ° mÃ¬nh, nÃ³n khÃ¢ Ä‘áº¹p vÃ  giao hÃ ng ráº¥t nhanh, hÃ¬nh áº£nh chá»‰ Ä‘á»ƒ nháº­n xu"
trucngan217,5,"hÃ ng vá» Æ°ng Ã½ :3 chá» lÃ¢u nhma ráº¥t xá»©ng Ä‘Ã¡ng, sÄƒn sale nÃªn giÃ¡ okela luÃ´n :3 nÃ³i chung nÃªn mua nha mn"
iamduongg97,5,"MÅ© á»•n táº§m giÃ¡, giao hÃ ng nhanh, khÃ´ng tráº§y xÆ°á»›c, giao hai cÃ¡i sticker há»£p tone ghÃª ğŸ¤£ mÅ© nháº¹, Ãªm, Ä‘á»™i vÃ o áº¥m ğŸŒ¸ Video há»•ng liÃªn quan ğŸ˜…"
t*****p,5,"Mua Ä‘á»ƒ táº·ng báº¡n, mÃ u Ä‘áº¹p ko chá»‰ thá»«a, giao hÃ nh nhanh. CÃ³ dá»‹p sáº½ mua cho báº£n thÃ¢n 1 cÃ¡i â¤ï¸ ráº¥t cháº¥t lÆ°á»£ng"
m*****7,5,giao hÃ ng nhanh mÅ© Ä‘Ãºng nhÆ° máº«u trÃªn shop Ä‘áº¹p cháº¥t lÆ°á»£ng Ãªm sÆ°á»›ng Ä‘Ã¡ng giÃ¡
123456789b.ngoc17092002,5,"Cháº¥t lÆ°á»£ng sáº£n pháº©m:sp ok

HÃ¬nh áº£nh vÃ  video mang tÃ­nh cháº¥t nháº­n xu cÃ²n sp giá»‘ng hÃ¬nh, cháº¥t lÆ°á»£ng ok"
sj31xay0_s,5,"HÃ ng Ä‘áº¹p láº¯m áº¡ , giá»‘ng hÃ¬nh , Ä‘Ã¡ng Ä‘á»“ng tiá»n , nÃªn mja nha má»i ngÆ°á»i , ship hÆ¡i cao ."
4nykmjazhw,5,"MÅ© nÃ y size hÆ¡i nhá» so vá»›i size mÅ© cÅ© cá»§a mÃ¬nh, nhÆ°ng cÅ©ng cute láº¯mm. GiÃ¡ á»•n cháº¥t lÆ°á»£ng á»•n. Má»›i láº¥y ra cÃ²n mÃ¹i, tÃ­ máº¥t liá»n nÃªn khÃ´ng sao. Chá»‘t cháº¯n cháº¯n. NÃ³i chung nÃªn mua. . . . . . . ."
l*****2,5,Ã¡o hÆ¡i máº¯c vá»›i giÃ¡ tiá»n Ã¡o ná»‰ má»ng nhma cÅ©ng ok na nhma Ã¡o em tháº¥y hÆ¡i ngáº¯n cÃ³ xl thÃ¬ tá»‘t nha sáº½ mua tiáº¿p ggggcccchhkbvswxxjuhv
30.phanlnhthi,5,Äáº¹p láº¯m nha mng mÃ¬nh Ä‘em vá» dÃ¡n thÃªm sticker cÃ¡i xá»‹n xÃ² luÃ´nnnn
phanthitao1528,5,"Sáº£n pháº©m tá»‘t, hÃ ng giao nhanh, cháº¥t lÆ°á»£ng ok, nÃªn mua nhÃ©, sáº» mua thÃªm máº¥y cÃ¡i cho báº¡n nÃ¨"
r*****k,5,á»•n... Ä‘áº¹p mÃ  hÆ¡i cÃ³ mÃ¹i vá» rá»­a lÃ  ok............ cháº¥t lÆ°á»£ng okdjdndnddddddddddddkdjdjd
sakura2707,4,"Vá»›i giÃ¡ táº§m trung nÃ y thÃ¬ cháº¥t lÆ°á»£ng cÅ©ng á»•n Ã¡p, nÃªn mua. NgoÃ i giá»¯a Ä‘áº§u nÃ³n giá»‘ng nhÆ° cÃ³ Ä‘Æ°á»ng gÃ¬ chia ná»­a Ä‘Ã¢u ra Ã¡. Theo nhÆ° review thÃ¬ Ä‘Ãºng lÃ  chÃ­nh giá»¯a hai chá»— tem cÃ³ cÃ¡i nÃºt gá»¡ ra Ä‘Æ°á»ng Ä‘en kh liá»n nhau"
n*****1,5,"mÅ© cháº¯c cháº¯n gÃ³i hÃ ng kÄ© bao Ä‘áº¹p luÃ´n nha mng
Shiper dthuong láº¯m"
dragokito26,5,"Cháº¥t lÆ°á»£ng sáº£n pháº©m:Tá»‘t
ÄÃºng vá»›i mÃ´ táº£:ÄÃºng vá»›i mÃ´ táº£

NÃ³n ráº¥ Ä‘áº¹p, mÃ u nhÆ° hÃ¬nh, nhÆ°ng khÃ´ng biáº¿t Ä‘á»™ bá»n thÃ¬ sao nhÆ°ng nhÃ¬n sÆ¡ bá»™ thÃ¬ ráº¥t tuyá»‡t"
thuanbb,5,"Sáº£n pháº©m Ä‘áº¹p, giÃ¡ tá»‘t, hÃ ng Ä‘Ã³ng gÃ³i cáº©n tháº­n, giao hÃ ng Ä‘áº§y Ä‘á»§"
aaagn,4,"- Mk mua 2 chiáº¿c nÃªn shop Ä‘Ã³ng vÃ o 1 cÃ¡i thÃ¹ng vÃ  má»—i cÃ¡i Ä‘Æ°á»£c bá»c 2 tÃºi nilÃ´ng. K pháº£i lÃ  tÃºi bÃ³ng háº¡t háº¡t, tÃºi bÃ³ng thÆ°á»ng nhÆ°ng may lÃ  k bá»‹ xÆ°á»›c
- Äiá»ƒm trá»« lÃ  mÃ¹i hÆ¡i kinh, cháº¯c táº¡i hÃ ng má»›i nÃªn cÃ³ mÃ¹i Ä‘á»ƒ ra ngoÃ i má»™t thá»i gian cháº¯c háº¿t, nhÆ°ng vá»›i Ä‘á»©a nhÆ° mk thÃ¬ khÃ¡ ghÃ©t
- HÃ£y tá»± chá»n mÃ u!"
midy_nhi,5,"Ä‘Ã³ng gÃ³i cáº©n tháº­n, giao nhanh, hÃ ng cháº¥t lÆ°á»£ng áº¡
NÃªn mua nhaaa"
t*****e,1,"Hmm mÅ© Ä‘áº¹p nhÆ°ng khÃ´ng cháº¥t lÆ°á»£ng láº¯m, shipper cÃ²n khÃ³ chá»‹u vá»›i ngÆ°á»i mua. Z thui"
nganhaah273,5,"MÅ© Báº£o Hiá»ƒm 3/4 Äáº§u ChÃ­nh HÃ£ng
DÃ nh cho cÃ¡c báº¡n yÃªu thÃ­ch sá»± Ä‘Æ¡n giáº£n vÃ  há»£p tÃºi tiá»n máº«u mÅ© báº£o hiá»ƒm 3/4 Ä‘áº§u vá»›i nhiá»u mÃ u sáº¯c tráº» trung nÄƒng Ä‘á»™ng sáº½ Ä‘em láº¡i sá»± thoáº£i mÃ¡i vÃ  tiá»‡n dá»¥ng cho cÃ¡c báº¡n trong cÃ¡c chuyáº¿n Ä‘i chÆ¡i gáº§n xa hoáº·c Ä‘i lÃ m , Ä‘i há»c .
Äáº·c biá»‡t nÃ³n Ä‘Æ°á»£c sáº£n xuáº¥t cÃ´ng nghá»‡ má»›i giáº£m nh"
khoa16122006,5,"NÃ³n ráº¥t Ä‘áº¹p nha má»i ngÆ°á»i 
HÃ ng giao nhanh ná»¯a 
Äáº·t tá»« 28/10-30/10 giao 
Ráº¥t lÃ  ok 
HÃ¬nh áº£nh mang tÃ­nh cháº¥t láº¥y xu nha 
2 anh trÃªn lÃ  PONDPHUWIN Ã¡ ğŸ’›ğŸ¼
Phim 2 áº£nh Ä‘Ã³ng lÃ  : cÃ¡ trÃªn trá»i Ã¡ â¤ğŸ¤£"
t*****2,5,"Sáº£n pháº©m nháº­n Ä‘Æ°á»£c nhÆ° mong Ä‘á»£i. 
Giao hÃ ng khÃ´ng quÃ¡ lÃ¢u.
CÃ²n 4 kÃ­ tá»± ;(("
camly1489,5,Jjhjwjwjwjwbw kakasksjs sksksksksksk wkwowux dkie ekeodd. Kwisjdhd Æ°kowowdbbd
thuytrang87_sg,5,"Nháº­n hÃ ng cá»±c ká»³ thÃ­ch luÃ´n , mÃ u gÃ¬ cÆ°ng dÃ£ man , mÅ© cÅ©ng khÃ¡ cháº¯c cháº¯n, cho shop 5 sao"
_hwuaan,5,"sáº£n pháº©m tá»‘t, cháº¥t lÆ°á»£ng vÃ  khÃ´ng cÃ³ váº¿t xÆ°á»›c nhÃ©, sáº½ á»§ng há»™ shop thÃªm"
tuuwthwtvfwgtv,5,"kendhfbfbfbbdbdbdbdbdbdbdbd
elnendbenrbrbfoaoskdjjd
elksrnbrnrnrndndndndnndndnd
sondndbfbdnenenenenendn
qá»Ÿndnndnrnrnfnrntn"
hishuu,4,"ÄÃºng vá»›i mÃ´ táº£:khÃ´ng Ä‘á»c ká»¹ nÃªn khÃ´ng biáº¿t bÃ  Æ¡i:(
Cháº¥t lÆ°á»£ng sáº£n pháº©m:á»•n

Sáº£n pháº©m Ä‘áº¹p, giá»‘ng hÃ¬nh, nhÆ°ng bÃ¡m vÃ¢n tay quÃ¡, má»›i Ä‘á»¥ng vÃ´ cÃ³ cÃ¡i nÃ³ dÃ­nh chÃ¹i khÃ´ng ra, ra náº¯ng nÃ³ bÃ³ng lÃªn sÃ¡ng loÃ¡ng luÃ´n áº¡:(. NhÆ°ng táº§m giÃ¡ nhÆ° nÃ y em khÃ´ng Ä‘Ã²i há»i Ä‘Æ°á»£c hÆ¡n nhÆ°ng xin phÃ©p Ä‘Ã¡nh giÃ¡ 4 sao vÃ¬ em Ä‘ang cay mua mÃ  tá»›i giá» chÆ°a Ä‘á»™i Ä‘Æ°á»£c láº§n nÃ o vÃ¬ vÃ¢n tay bÃ³ng lÆ°á»¡ng
(áº£nh Ä‘á»ƒ nháº­n xu)"
nguyentran_2703,5,"ÄÃ¢y lÃ  láº§n 2 mua nÃ³n, nÃ³n Ä‘áº¹p Ä‘Ãºng máº«u giao nhanh ğŸ¥°"
danehe,5,NÃ³n ok cÃ³ cÃ¡i hÆ¡i bá»‹ khÃ³ chá»‹u tÃ­ ngay lá»• tay nhÆ°ng chá»‰nh láº¡i thÃ¬ váº«n ok giao hÃ ng nhanh shop cÅ©ng dth
litterduck,5,"MÅ© Ä‘áº¹p nhÆ° mÃ´ táº£, giao hÃ ng nhanh :3 dÃ¡n stikcer lÃªn lÃ  xinh xá»‰u Ã¡"
o*****0,5,"HÃ ng tá»‘t Ä‘áº¹p cháº¥t lÆ°á»£ng, giao hÃ ng nhanh Ä‘Ãºng máº«u Ä‘Ãºng mÃ uğŸ‘ğŸ‘ğŸ‘"
tranngocbaotram2909,5,hÃ ng Ä‘áº¹p nha ráº¥t Ä‘Ã¡ng Ä‘á»ƒ thá»­ nha vá»›i nÃ³n cÅ©ng Ã´m sÃ¡t Ä‘áº§u cáº§m vÃ  Ä‘á»™i cÅ©ng khÃ´ng náº·ng nÃªn ráº¥t thÃ­ch
72uj4jehm5,5,NÃ³n xinh xá»‰u vá»«a váº·n Ä‘áº¹p láº¯m nha 10 dddddddddddddddddddddds
phunhanparkjimin,5,MÃ¬nh nháº­n hÃ nh ráº¥t nhanh Ä‘áº·t bá»¯a 10.10 lÃ  12.10 nháº­n hÃ ng luÃ´n Ã¡. NhÃ¬n nÃ³n Ä‘áº¹p giá»‘ng nhÆ° máº«u cháº¯c cháº¯n láº¯m nha. NhÃ¬n nÃ³n tÆ°á»Ÿng nhá» nhÆ°ng mÃ  khÃ´ng má»i ngÆ°á»i Æ¡i nÃ³n Ä‘á»™i vá»«a luÃ´n nha. KhÃ´ng lÃ m mn tháº¥t vá»ng Ä‘Ã¢u mn yÃªn tÃ¢m mua Ä‘i. CÃ³ Ä‘iá»u buá»“n xÃ­u xiu lÃ  chá»— gáº§n cÃ i nÃºt nÃ³ hÆ¡i khÃ´g Ä‘á»u mÃ u xÃ­u nhÆ°ng ok
nguyenne.78,5,Xinh láº¯m mn Æ¡i nÃªn mua nha ráº» mÃ  cháº¥tluongwj cá»±c quay láº¡i á»§ng há»™ shop tiáº¿p nÃ¨
x*****3,5,"MÅ© Ä‘áº¹p, hoÃ n thiá»‡n cháº¯c cháº¯n, mÃ u sÆ¡n Ä‘áº¹p, khÃ´ng bá»‹ tráº§y xÆ°á»›c. Äá»™i vÃ o Ãªm. NÃ³i chung lÃ  cháº¥t lÆ°á»£ng"
l*****h,5,Giao hÃ ng nhanh. ÄÃ³ng gÃ³i hÆ¡i áº©u má»™t chÃºt do k cÃ³ tÃºi bong bÃ³ng chá»‘ng va Ä‘áº­p. NÃ³n Ä‘áº¹p. Nháº¹ vÃ  vá»«a Ä‘áº§u.
nguyenuyen1704,5,Giao hang nhanh shipper nhiá»‡t tÃ¬nh lÃªn mua nha mn . Ráº» chÃ¢t lÆ°á»£ng
n*****y,5,"Uitoiiii , nÃ³n xinhhh áº¡ ğŸ¥º nhÆ°ng vs mik thÃ¬ nÃ³ hÆ¡i bÃ© Ã­ ahh . GiÃ¡ nhÆ° nÃ³ to hÆ¡n tÃ­ thÃ¬ duyá»‡t lun Ã­ mn ğŸ¥º nhÆ°ng nÃ³i chug á»•n, shop giao cÅ©ng nhanh láº¯m . Mn cÃ³ thá»ƒ tham kháº£o á»§ng há»™ shop nhâ˜ºï¸"
v*****n,5,"ÄÃºng hÃ¬nh Ä‘Ãºng máº«u. Xá»‹n xinh, ráº», Ä‘áº¹p, hÃ¬nh áº£nh chá»‰ mang tÃ­nh cháº¥t nháº­n xu. NhÆ°ng mÃ  Ä‘Ã¡ng mua ğŸ˜ğŸ˜ğŸ˜"
h*****8,5,MÅ© Ä‘áº¹p cháº¯c cháº¯n ráº¥t Ä‘Ã¡ng mua hÃ¬nh áº£nh chá»‰ mang tÃ­nh minh há»a:))
anhthunguyen27022000,5,"HÃ ng giao cá»±c cá»±c nhanh luÃ´n Ã¡ :)) lÃ m khÃ´ng ká»‹p cháº¡y tiá»n, má»›i Ä‘áº·t sÃ¡ng hÃ´m qua mÃ  chiá»u hÃ´m nay cÃ³ hÃ ng luÃ´n
NÃ³n xá»‹n vá»›i mÃ u Ä‘áº¹p cá»±c Ä‘á»™i vÃ´ Ãªm ná»¯a, dÃ¢y cÃ i cÅ©ng cháº¯c cháº¯n ná»¯a"
tiemgugu95,5,HÃ ng Ä‘áº¹p.phÃ¹ há»£p vá»›i giÃ¡ tiá»n.shop giao siÃªu nhanh.sáº» á»§ng há»™ shop láº§n sau áº¡
my4.nguyen_,5,NÃ³n xinh xá»‹n sÃ² láº¯m áº¡ má»›i Ä‘áº·t há»“i 11.11 mÃ  12.11 giao rá»“i shop giao nhanh láº¯m áº¡ â¤ mn nÃªn mua
b*****6,5,"Sáº£n pháº©m tá»‘t, phÃ¹ há»£p vá»›i giÃ¡ tiá»n, khuyáº¿n khÃ­ch mua áº¡ !!!!!!!!!"
ntxs2006,5,NÃ³i chung mÅ© thÃ¹ cÅ©ng táº¡m á»•n Ã¡p Ã¡. MÃ  cÃ¡i chá»— trong nÃ³ hÆ¡i bá»‹ há»Ÿ nhÆ°ng Ä‘á»™i cÅ©ng Ä‘Æ°á»£c. GiÃ¡ thÃ nh thÃ¬ okila Ã¡. M.n nÃªn tham kháº£o
bichlieu24012000,5,"HÃ ng giao nhanh, mÃ u Ä‘áº¹p. Tuy nhiÃªn cÃ³ bay mÃ¹i nhá»±a, Ä‘Ã¡ng vá»›i giÃ¡ tiá»n"
minhthuong02102007,5,mÅ© Ä‘áº¹p láº¯m giao hÃ ng cÅ©ng nhanh ná»¯a mÅ© cÃ³ chá»— bá»‹ tráº§y nma bÃ© xÃ­u nÃªn ko sao
ambe302,5,"MÅ© Ä‘áº¹p
Cháº¥t lÆ°á»£ng sáº£n pháº©m tuyá»‡t vá»i
ÄÃ³ng gÃ³i sáº£n pháº©m ráº¥t Ä‘áº¹p vÃ  cháº¯c cháº¯n"
hoangtuananhokok,5,"Cháº³ng cÃ³ gÃ¬ pháº£i bÃ n cÃ£i 
NhÆ°ng mÃ  lá»¡ Ä‘áº·t Ã­t sticker quÃ¡ 
HÆ¡i buá»“n :))"
chiku5806,5,"NÃ³n Ä‘áº¹p láº¯m nheee , bÃ³ng kh bá»‹ tráº§y xÆ°á»›c gÃ¬ háº¿t. Ã”m sÃ¡t Ä‘áº§u. Má»i ngÆ°á»i nÃªn muaaaaa nheeeee. HÃ¬nh áº£nh chá»‰ mang tÃ­nh cháº¥t nháº­n xuuuu"
0c6o16kw7n,5,"Sáº£n pháº©m ráº¥t tuyá»‡t vá»i áº¡, mang vÃ o Ãªm tai, hÃ¬nh áº£nh chá»‰ mang tÃ­nh cháº¥t jhanaj cllll"
2101pkn,5,NÃ³n Ä‘áº¹p nhÆ° hÃ¬nh. Giao hÃ ng nhanh. SÄƒn sake nÃªn giÃ¡ khÃ¡ ráº». NÃªn mua
khanhlinhmon04,3,"NÃ³n ráº¥t oke nha
GiÃ¡ thÃ nh ráº» 
MÃ  cÃ³ Ä‘iá»u hÆ¡i nhá» so vá»›i Ä‘áº§u mik 
NÃªn cÃ¡c báº¡n lÆ°u Ã½ nhÃ©"
anhthu04072005,5,"Thá»i gian giao hÃ ng nhanh, Ä‘Ã³ng gÃ³i sáº£n pháº©m Ä‘áº¹p, cháº¥t lÆ°á»£ng tuyá»‡t vá»i, shipper thÃ¢n thiÃªn, shop phá»¥c vá»¥ tá»‘t"
minnie17596,5,mÅ© ráº¥t cháº¯c Ä‘Ã³ng gÃ³i cáº­n tháº­n ráº¥t Æ°ngg sjakebixbiajsoxnWgierbicbjw
cucrangbow,5,"Náº¿u cÃ³ ai há»i tÃ´i thÃ­ch sáº£n pháº©m cá»§a hÃ£ng nÃ o nháº¥t, thÃ¬ tÃ´i sáº½ khÃ´ng ngáº¡i tráº£ lá»i ráº±ng Jordan vÃ  pháº£i lÃ  Air Jordan Retro cÆ¡ chá»© khÃ´ng pháº£i nhá»¯ng dÃ²ng performance Ä‘áº¡i trÃ  Ä‘Ã¢u, dÃ¹ ráº±ng nhÆ° tháº¿ thÃ¬ tÃ´i cÅ©ng khÃ´ng khÃ¡c gÃ¬ máº¥y cÃ¡c thanh niÃªn phong trÃ o ná»­a mÃ¹a ngoÃ i kia má»—i ngÃ y chi hÃ ng trÄƒm USD mua gi"
haunguyen1604,5,"Sáº£n pháº©m phÃ¹ há»£p táº§m giÃ¡. Shop tráº£ lá»i hÆ¡i cháº­m. Cháº¥t lÆ°á»£ng sáº£n pháº©m á»•n, hoÃ n thiá»‡n khÃ¡ kÃ©m (6/10)."
fkfkdkdkkff,5,HÃ ng giao nhanh tá»‘t máº«u mÃ£ Ä‘áº¹p má»i ngÆ°á»i nÃªn á»§ng há»™ vÃ  mua nha tá»‘t tá»‘t
gqhzz366vw,5,HÃ ng ráº¥t Ä‘áº¹p nha má»i ngÆ°á»i mÃ¬nh khuyÃªn lÃ  lÃªn mua mÃ¹a Ä‘Ã´ng Ä‘á»™i lÃ  háº¿t nÆ°á»›c cháº¥m
zes_9xe7lm,5,HÃ ng Ä‘áº¹p cháº¥t lÆ°á»£ng cao nÃªn mua nha xáº¥u thÃ¬ thÃ´i chá»© tui chÆ°a khui hihi
pho_2908,5,Xin lá»—i hÃ¬nh áº£nh chá»‰ mang tÃ­nh minh há»a HÃ ng thÃ¬ cháº¥t lÆ°á»£ng Ä‘Ã³ nhÆ°ng mÃ  pháº§n Ä‘Ã³ng gÃ³i khÃ´ng Ä‘c kÄ© cÃ ng cho láº¯m
dangthienansu,5,NÃ³n ráº¥t Ä‘áº¹p giao hÃ ng nhanh giá»‘ng y chang máº«u nha vá»›i láº¡i Ãªm ná»¯a
haobotien,5,"ÄÃºng vá»›i mÃ´ táº£:Ä‘Ãºng
Cháº¥t lÆ°á»£ng sáº£n pháº©m:tá»‘t

Váº£i lÃ³t bÃªn trong ráº¥t dÃ y, áº¥m tá»‘t. NÃ³n nhÃ¬n cháº¯c cháº¯n, Ä‘áº¹p láº¯m lun. Ns chung ráº» ráº¥t Ä‘Ã¡ng Ä‘á»ƒ mua Ä‘i phÆ°á»£t"
